position	consurf_score
0	-0.456
1	-0.622
2	-0.574
3	-0.32799999999999996
4	-0.182
5	-0.607
6	-0.608
7	3.6519999999999997
8	-0.569
9	0.261
10	0.287
11	-0.626
12	-0.5479999999999999
13	-0.612
14	-0.396
15	-0.222
16	-0.171
17	0.026000000000000002
18	-0.415
19	-0.391
20	-0.026000000000000002
21	-0.242
22	1.3319999999999999
23	-0.623
24	-0.609
25	-0.607
26	-0.623
27	-0.62
28	-0.33299999999999996
29	-0.511
30	-0.098
31	-0.608
32	-0.623
33	-0.402
34	-0.608
35	-0.62
36	-0.521
37	-0.5489999999999999
38	-0.564
39	0.18100000000000002
40	-0.461
41	-0.24100000000000002
42	-0.5479999999999999
43	1.501
44	-0.135
45	-0.612
46	-0.5479999999999999
47	-0.19
48	-0.005
49	-0.579
50	0.41
51	-0.462
52	-0.33
53	-0.539
54	-0.159
55	-0.418
56	-0.618
57	-0.488
58	-0.364
59	-0.17300000000000001
60	0.9590000000000001
61	2.151
62	-0.625
63	0.071
64	1.713
65	1.7530000000000001
66	-0.455
67	1.198
68	2.782
69	0.505
70	-0.47600000000000003
71	0.539
72	2.665
73	-0.473
74	0.892
75	1.6840000000000002
76	-0.61
77	0.265
78	1.087
79	1.518
80	1.2690000000000001
81	1.52
82	-0.607
83	-0.607
84	-0.624
85	-0.62
86	-0.626
87	-0.21899999999999997
88	0.003
89	-0.49700000000000005
90	-0.574
91	-0.622
92	-0.048
93	3.0669999999999997
94	-0.62
95	3.655
96	-0.56
97	2.105
98	-0.609
99	-0.605
100	-0.251
101	0.534
102	-0.49700000000000005
103	0.254
104	-0.5489999999999999
105	0.21600000000000003
106	-0.317
107	-0.055999999999999994
108	-0.505
109	-0.5479999999999999
110	-0.609
111	0.623
112	3.656
113	-0.62
114	3.656
115	-0.561
116	-0.607
117	-0.5489999999999999
118	-0.609
119	-0.111
120	-0.62
121	-0.607
122	-0.369
123	-0.564
124	-0.61
125	-0.446
126	-0.3
127	-0.62
128	-0.61
129	0.024
130	-0.573
131	-0.579
132	-0.625
133	-0.624
134	-0.442
135	-0.47600000000000003
136	0.342
137	-0.441
138	-0.624
139	-0.40299999999999997
140	-0.326
141	-0.33899999999999997
142	0.145
143	-0.165
144	-0.617
145	0.7340000000000001
146	-0.5329999999999999
147	-0.17
148	-0.31
149	0.823
150	3.6489999999999996
151	-0.624
152	-0.618
153	0.7879999999999999
154	3.656
155	-0.5479999999999999
156	-0.2
157	-0.607
158	-0.61
159	-0.38299999999999995
160	-0.384
161	1.6440000000000001
162	-0.605
163	-0.42700000000000005
164	-0.302
165	1.5090000000000001
166	-0.61
167	-0.248
168	-0.47200000000000003
169	0.21899999999999997
170	-0.61
171	-0.298
172	-0.23600000000000002
173	-0.609
174	-0.45899999999999996
175	-0.14800000000000002
176	-0.33799999999999997
177	-0.61
178	-0.139
